,A apol,A AMR,A nH,A nC,A nN,A nO,A nS,A MW,A nBondsD,A nBonds,A nBonds2,A Sv,A Sse,A Spe,A Sare,A Sp,A Si,A Mv,A Mse,A Mpe,A Mare,A Mp,A Mi,A ETA_dEpsilon_A,A ETA_dAlpha_B,A ETA_BetaP,A FMF,A fragC,A HOMO,A LOMO,A Bandgap,B apol,B AMR,B nH,B nC,B nN,B nO,B nS,B MW,B nBondsD,B nBonds,B nBonds2,B Sv,B Sse,B Spe,B Sare,B Sp,B Si,B Mv,B Mse,B Mpe,B Mare,B Mp,B Mi,B ETA_dEpsilon_A,B ETA_dAlpha_B,B ETA_BetaP,B FMF,B fragC,B HOMO,B LOMO,B Bandgap,Time (s),Potential (v)
A apol,1.0,0.996609639734805,0.7335077901701311,0.9717902285207501,0.534516887511777,0.8084071140260177,0.8775121553437799,0.9837589367862054,0.9825267532914003,0.990778167011001,0.9985060651897687,0.9990788950758048,0.9959588627227453,0.9961228034717099,0.9958198388128114,0.999974853350317,0.9930428751398883,0.77255233331304,0.8181075591386375,0.8487872537037409,0.8425543301454873,0.7421034603232625,-0.43550571791377507,0.855913509055728,-0.08303242117506865,0.5337308198109235,0.40291929130787046,0.9399628887478918,-0.2064720952253652,-0.8892157802292145,-0.7961466089726331,-0.08409933536135937,-0.08642057018755273,-0.03831221165389969,-0.08479838630394716,-0.06631133344901899,-0.08744272238646704,-0.07725154574647713,-0.08654518590543042,-0.0857505370864364,-0.08696539215772324,-0.08208765784759305,-0.08534948209686222,-0.08269133344848335,-0.08317292289798,-0.08318476213734902,-0.08405163622932996,-0.08062549415802214,-0.09395374974104614,-0.08795821947262354,-0.09133531511085825,-0.0904643506179558,-0.09148858117665773,0.07853297827528506,-0.09066201429476202,0.029712633365283868,-0.08223388281958295,-0.0557100307039645,-0.08026235750159613,-0.07977002276227674,0.10744774327550968,0.13293013792944786,3.8619277312710795e-16,-0.27033576250267616
A AMR,0.996609639734805,1.0,0.708145209762171,0.981757931849611,0.5150455378371429,0.795009309418205,0.8692278687844984,0.9775536048600798,0.9901858915285701,0.9900235474872847,0.9923008038908608,0.9952030591324555,0.9861500332043155,0.9865488461327889,0.9860314704231766,0.9961857876205162,0.9821702224658306,0.8100920895460465,0.8161276796405966,0.8529337135165113,0.8437343153669635,0.7864617642502465,-0.49007993416074386,0.8599921255692704,-0.14083439594385413,0.5831325380209592,0.45398888634710677,0.9394840129507002,-0.2195249258664941,-0.894908652492647,-0.7973652356525974,-0.08113497172846049,-0.08392107810119181,-0.03445155296983447,-0.08289919172985004,-0.06215359375866222,-0.08442842065143019,-0.07347437222021591,-0.08354501204224984,-0.08353699603062857,-0.08450709745289042,-0.07901704907915547,-0.08245953784457032,-0.07934273238611324,-0.07985797672869618,-0.07985919691619786,-0.0810542036379691,-0.07717567678067858,-0.09762564828024715,-0.08720075150388308,-0.09153576341860492,-0.09039166322783819,-0.095120901061445,0.08509913065455997,-0.09049183892514538,0.03235391044241647,-0.0890016338487463,-0.06329098116875814,-0.07673682332224172,-0.08277368075634224,0.10947527535988472,0.13591498550626277,4.0753268618489753e-16,-0.2554940792776276
A nH,0.7335077901701311,0.708145209762171,1.0,0.7037591704534524,0.6394599945038767,0.3421136640296864,0.44842598647491944,0.6336303584510488,0.6257354654417836,0.6394577131899785,0.7600375529698147,0.7091943858298108,0.753903751389045,0.7467545356034969,0.7462774549447592,0.7337616677873758,0.792080567850477,0.2665829696153707,0.29656314200213046,0.3154861852933944,0.3154872864451549,0.2785874204904723,0.007990913232892173,0.3285279416377227,-0.14060584373875576,0.24449309533299002,0.0729413519824216,0.5103187018308468,0.17075600841392094,-0.4656250511551481,-0.5090893277426903,-0.080520635261574,-0.08057421271339571,-0.07371568957580896,-0.08372978398069245,-0.06689733044450294,-0.050128662490761755,-0.0532121841548037,-0.07250012959209469,-0.07145152768290784,-0.07414803389568128,-0.08107605775383275,-0.07896629196507482,-0.08041415640624498,-0.08003609193457173,-0.07995920942210977,-0.0803939789715102,-0.08199521480478275,-0.04333168807100988,-0.030316497972993767,-0.033448523214691654,-0.03213095179069221,-0.04788952868167961,0.0357838338145318,-0.035643273565574556,0.05405145357285871,-0.03977945572790444,-0.006536178565594855,-0.07273596550243933,-0.09010464966429955,0.05621826010119867,0.08493108877398634,2.6277276554621244e-16,-0.21736698896052786
A nC,0.9717902285207501,0.981757931849611,0.7037591704534524,1.0,0.4707985414190618,0.7138773385596278,0.7826104238348705,0.929876459728118,0.9679053995924051,0.9622543373005534,0.9678650521962462,0.9663571861393773,0.9490208660290206,0.9489156064327167,0.9478198006557295,0.9700932283014085,0.9483123115021661,0.8496941569604276,0.7381880854346148,0.7927437111600582,0.7763892792789224,0.8431249237300739,-0.5906729223292297,0.7956090767247206,-0.2691553126513371,0.6518614885167614,0.5684195850750465,0.9036619036347167,-0.1556207474094702,-0.9012468597584247,-0.8246541405708984,-0.08259004739100867,-0.08459940361941429,-0.042861112889789006,-0.08543341568948905,-0.06088702405341977,-0.0814453307774356,-0.06809282738717588,-0.08296934911426149,-0.0815576779554619,-0.08480565908152451,-0.08153460377813466,-0.08357341386351377,-0.08138040787817985,-0.08174425225217999,-0.0817419613874565,-0.08247442935019261,-0.07984201864413883,-0.09389658186297242,-0.07974564176494783,-0.08478833213912731,-0.08347435499207267,-0.09136997775640472,0.08503059607203377,-0.08308162728995107,0.03201777070739723,-0.08420929200955703,-0.06599729008350337,-0.07419419746916549,-0.08420487966773255,0.10900248869318754,0.135896778755434,3.5608377808261226e-16,-0.20120517682841613
A nN,0.534516887511777,0.5150455378371429,0.6394599945038767,0.4707985414190618,1.0,0.12927779618292745,0.27443271386955165,0.4746690102475217,0.5041658762371298,0.48731410446212864,0.5522896177560749,0.5238739053202225,0.551486405583757,0.5496959004977074,0.5500306759809035,0.5359660055714129,0.5879797991990174,0.21019877681608415,0.20814781488189774,0.2606346240032535,0.26762072175917134,0.19626150477862161,0.26890714086511175,0.2611986673995388,0.14100807116614728,0.45701925117986547,0.1460417351077797,0.4000664066284747,0.494955640130913,-0.4615250641726683,-0.6122881597050771,-0.04298759244147102,-0.04586309212911584,0.009080713100420178,-0.048666444189248835,-0.05252268568796373,-0.03538140754258382,-0.0422620685679426,-0.04630830927130718,-0.05566129674639024,-0.05006110762727898,-0.03884432086936551,-0.044369311149754787,-0.037115202462852145,-0.03794603495300769,-0.03784093784550843,-0.04279352563427399,-0.03461469378090632,-0.0792352714806496,-0.06062681118118591,-0.06729507984162753,-0.06605349919985185,-0.07746395238298133,0.06419575185900388,-0.06611886107916053,0.01633141868161464,-0.07173018655554579,-0.057734208802728594,-0.0657110558768883,-0.1176630391098095,0.0791796826375035,0.11668057255497949,3.592018344796557e-16,-0.32495365632479417
A nO,0.8084071140260177,0.795009309418205,0.3421136640296864,0.7138773385596278,0.12927779618292745,1.0,0.9713317892607652,0.8938614608250425,0.8069016091232865,0.8531885382474422,0.796287575876202,0.8292390647702449,0.8235637129703729,0.8276101155123681,0.8287236637630963,0.8105434941043027,0.7872127351086752,0.6510206146384839,0.9690442041461699,0.939172483419514,0.9465114882545757,0.5661359354958254,-0.3913255772746257,0.946972365464791,0.24960543986798836,0.18313771444993077,0.14288347907295262,0.8805980421073254,-0.5689991514946023,-0.7474731715803317,-0.5385023050824491,-0.05803890576063207,-0.05916428657678733,-0.020888208427563927,-0.050839721179718536,-0.0435890834292949,-0.08464717785121763,-0.07152099104561332,-0.06564681065512867,-0.060177680158085375,-0.06130404219232698,-0.05621297856734141,-0.05990942721350971,-0.05937576307368709,-0.05986507459375069,-0.05999687294113028,-0.05825092778621112,-0.05673134108243137,-0.058813643792703395,-0.08270046845586408,-0.07914927475159822,-0.08024820534461172,-0.05393620451051583,0.03609963458263216,-0.07944518502097667,-0.005622649937209608,-0.040284714319505394,-0.017075285505094403,-0.05354081496193566,-0.008559276256841077,0.0716352718493062,0.07443496992980042,2.924547374193478e-16,-0.2401481502264974
A nS,0.8775121553437799,0.8692278687844984,0.44842598647491944,0.7826104238348705,0.27443271386955165,0.9713317892607652,1.0,0.9432637323127858,0.8840367479013393,0.9058388091935159,0.864129017630068,0.8925329059328235,0.8883726635752897,0.8915600493220281,0.8923747873271333,0.8795993640305394,0.8600119138306549,0.6667492132436856,0.9540377757270672,0.932411492705721,0.9380097693562699,0.6009463123907344,-0.35904352390820554,0.946948706051301,0.14973810005950222,0.26090394993122795,0.15436090205626699,0.9248973005440757,-0.5562593190124187,-0.7633151670086107,-0.5581142954088499,-0.06985556147275883,-0.07340888481606661,-0.015620065897744662,-0.06573657839084546,-0.05596379050462888,-0.09137513246260434,-0.08309387424897949,-0.07797629120013495,-0.07775488422444565,-0.07505240528951122,-0.06613157381360431,-0.07198706848819462,-0.06854722575051235,-0.06929681408162645,-0.0693633066632467,-0.06996579632457274,-0.06509758216691237,-0.08800799818095058,-0.09747326491302433,-0.09718886401848346,-0.09712954987325315,-0.08526766794458704,0.06697086874818639,-0.09797849817494539,0.023869362133083306,-0.07875707070362666,-0.04155435225971502,-0.0692966752372022,-0.031513816533000914,0.0944763702660124,0.10460005977484337,3.8364933574399085e-16,-0.279122565340217
A MW,0.9837589367862054,0.9775536048600798,0.6336303584510488,0.929876459728118,0.4746690102475217,0.8938614608250425,0.9432637323127858,1.0,0.9759645910276123,0.9927926664248855,0.9782846006745307,0.9901383159576086,0.9853446050716104,0.9870326207262735,0.987205652040442,0.9845199332490278,0.9724048112533149,0.7697834884819813,0.9009296356147594,0.9169173394136942,0.9151636144833315,0.7199717046865683,-0.4194803431482433,0.9243187541529226,0.032457980375711126,0.4707368442433884,0.34533297514400124,0.9659600212158089,-0.3058377969148841,-0.8915699108009366,-0.7655835255327978,-0.07861503530993523,-0.08106537899533639,-0.028595229031152747,-0.07726095696830614,-0.06271703623881951,-0.090632924014521,-0.07971158946822893,-0.08365865537421575,-0.08250703673265583,-0.08284999986833974,-0.07606837955658892,-0.08035149596642804,-0.07738009190353264,-0.07799515830181546,-0.07803820028532418,-0.07863446037246118,-0.07467341002852594,-0.0925454459281187,-0.09421755600460045,-0.09607644125662129,-0.09570096814765378,-0.08892018168172464,0.07352042811387689,-0.09549020430383386,0.019740374839390853,-0.07845988632753735,-0.05175740624495813,-0.07692450706451728,-0.06542458965522913,0.10512038785472433,0.12603866604589983,3.762959908211456e-16,-0.2869682381392126
A nBondsD,0.9825267532914003,0.9901858915285701,0.6257354654417836,0.9679053995924051,0.5041658762371298,0.8069016091232865,0.8840367479013393,0.9759645910276123,1.0,0.9871183643797772,0.9717551608585769,0.9843220497434547,0.9674338314088651,0.9690307141047301,0.968533248691424,0.9821082744961697,0.9583857053222796,0.8393255270593398,0.8408508920185781,0.8798463302435835,0.8701699407438404,0.8135005909905831,-0.5127574929492498,0.8879807082091811,-0.131813523795367,0.6106486697889388,0.4763741629083684,0.9492480080650296,-0.2633097331346637,-0.919197358892291,-0.8065005440983868,-0.07804839650776849,-0.08175676167841261,-0.022217753368070154,-0.07937436133650459,-0.06326695425520708,-0.08672617267231786,-0.07626072234246502,-0.08286456201520695,-0.0847470323243112,-0.08346167179911725,-0.07485053014295015,-0.07994568578024785,-0.0754874482327124,-0.07622343969307865,-0.07623122672534786,-0.07798253541123788,-0.07252471992519666,-0.10675675172460407,-0.09623128514352643,-0.10096629417311484,-0.09982153355835416,-0.10358170203186381,0.0915140714603963,-0.09985820812629312,0.031038426599404985,-0.1006686498318668,-0.07215919472746431,-0.07577137143153871,-0.0791750042886076,0.11747980519258126,0.1427839193312504,4.257970492788483e-16,-0.2560247985218084
A nBonds,0.990778167011001,0.9900235474872847,0.6394577131899785,0.9622543373005534,0.48731410446212864,0.8531885382474422,0.9058388091935159,0.9927926664248855,0.9871183643797772,1.0,0.9856560432473667,0.9949348524878165,0.9838688300723176,0.9854668704399573,0.985282363127909,0.9907705181291963,0.9732616480656711,0.8204962387081464,0.8732459744949513,0.903956938733252,0.8975764802558373,0.7800690724441703,-0.4868095986093554,0.9076841083993973,-0.04335627979083704,0.5500657791727951,0.4425093173981728,0.9684883085360594,-0.2517114894427408,-0.9183900309781827,-0.8095502625763378,-0.07989675861811654,-0.0821759018679932,-0.03059358621055182,-0.0797820672389394,-0.06157398435465363,-0.08995161929844935,-0.07739581659616881,-0.08413141455525959,-0.08274794373235383,-0.08422731783619393,-0.07774428717661867,-0.0815742646195195,-0.07855464330483068,-0.07914620420245214,-0.07917942797484083,-0.07987627664731076,-0.07597391400587429,-0.09573617777215539,-0.0933862669657159,-0.09615170148311428,-0.09554909617249367,-0.09181840639631338,0.07957341510889535,-0.09485191143314836,0.020135549786243195,-0.08034058691661847,-0.059578725810335964,-0.07723170972323197,-0.07032836498780137,0.10892949657416494,0.13141123242366068,3.853704444746637e-16,-0.26576509128193937
A nBonds2,0.9985060651897687,0.9923008038908608,0.7600375529698147,0.9678650521962462,0.5522896177560749,0.796287575876202,0.864129017630068,0.9782846006745307,0.9717551608585769,0.9856560432473667,1.0,0.996682574856273,0.9971428481318781,0.9969243128100888,0.9966636261716489,0.9985553288716456,0.9965570004597599,0.7520732927729983,0.8032429874521381,0.8333564136911382,0.827963334267272,0.7205358397253081,-0.40973991718405217,0.8393697653462671,-0.06751318784295082,0.5186328408480062,0.3900590517409478,0.930672044031791,-0.17528555568049822,-0.8785138084301808,-0.7960538544586241,-0.08521096938821918,-0.08714926134793549,-0.04204185182123877,-0.08581846888662818,-0.0667324802387655,-0.08703881346595617,-0.07710242170766793,-0.08702987338781208,-0.08563026222715486,-0.08747267400342022,-0.08351343431165048,-0.08628774705364411,-0.0840531228409604,-0.08447017212153185,-0.08448137912301568,-0.08516585366000572,-0.08221872619083707,-0.09043641034687984,-0.08559306985871136,-0.088618173950799,-0.08781957652866176,-0.08812526831703538,0.07511738612651686,-0.08800125185662652,0.02888526952200503,-0.07664295377219914,-0.05179591574859511,-0.08124940866225155,-0.07922673307598688,0.10441731374719605,0.12972365237602157,3.9457679425503065e-16,-0.2723625462831994
A Sv,0.9990788950758048,0.9952030591324555,0.7091943858298108,0.9663571861393773,0.5238739053202225,0.8292390647702449,0.8925329059328235,0.9901383159576086,0.9843220497434547,0.9949348524878165,0.996682574856273,1.0,0.9958708961839654,0.9964551414024504,0.9962532628492377,0.9991902233623076,0.9905508171038548,0.7794876569465744,0.8399296378890351,0.8686108150798644,0.8631678102600124,0.7440440274829542,-0.43795867589584553,0.8752020399230191,-0.05566509485320363,0.5280537645185639,0.39971286890263563,0.9492155929484088,-0.2225827642715777,-0.8976168728314873,-0.7989869438433316,-0.08259265241858779,-0.08486046896353448,-0.03595546784489888,-0.08281008971624544,-0.06522717772602393,-0.08818280252192787,-0.07746565158284989,-0.08566243422912566,-0.08463746280105497,-0.0858304820087542,-0.08051492598721251,-0.08397278558298096,-0.08127159291263382,-0.08178463925558963,-0.08180559913415236,-0.08256076550093265,-0.0790569971202364,-0.09348667252179875,-0.08947147162608601,-0.09249191703646378,-0.09176529460639572,-0.0905562748449632,0.07715360069051956,-0.0917283505707872,0.02589436648568821,-0.08065804196512218,-0.05509700886295466,-0.0792690314316581,-0.07697197632180895,0.10713195277055018,0.13172427658767785,4.0631482886517183e-16,-0.274087467767259
A Sse,0.9959588627227453,0.9861500332043155,0.753903751389045,0.9490208660290206,0.551486405583757,0.8235637129703729,0.8883726635752897,0.9853446050716104,0.9674338314088651,0.9838688300723176,0.9971428481318781,0.9958708961839654,1.0,0.9999379317330922,0.9999200661042811,0.9965003887360911,0.997835382620643,0.7244491347553772,0.8240494846513545,0.8458504021123878,0.8434505338029386,0.685774624458741,-0.3668655903633655,0.8537965457262069,-0.012584593112409915,0.47579101244155636,0.33371619231650496,0.9311875753468436,-0.20135665141720782,-0.869298562014324,-0.7784762614149517,-0.0837138590847982,-0.08569933378987743,-0.03992806309608037,-0.08347988637340886,-0.06724520509239681,-0.08723842723232143,-0.07809750096143249,-0.08618457059811525,-0.08488416663667853,-0.08605021246649007,-0.08176911059064969,-0.08486977691077213,-0.08264162605423671,-0.08308382899740335,-0.08310370474238335,-0.0836960273314092,-0.0806980367739905,-0.08824317753432298,-0.0863143356192655,-0.08875529331566567,-0.08814813957051199,-0.08586987797749839,0.07071551390541886,-0.08849548162601016,0.026585050087554397,-0.07488677021691155,-0.04697069792647856,-0.08066061382334176,-0.07715271735618145,0.10220079512966197,0.1268452215003303,3.895440445169681e-16,-0.28829447240766753
A Spe,0.9961228034717099,0.9865488461327889,0.7467545356034969,0.9489156064327167,0.5496959004977074,0.8276101155123681,0.8915600493220281,0.9870326207262735,0.9690307141047301,0.9854668704399573,0.9969243128100888,0.9964551414024504,0.9999379317330922,1.0,0.9999933824516761,0.9966722809456021,0.9971722005394874,0.7287825966825865,0.8291599695706211,0.8510395125314383,0.8486499028290884,0.6892941056698225,-0.3703001600859059,0.8588133225428932,-0.009131504157225582,0.47832636901958064,0.3367619487070604,0.9341792296063651,-0.2048166417174508,-0.8727576921199572,-0.7806949744161839,-0.08335276837636127,-0.08535953003859154,-0.03906090886200509,-0.08306580100677147,-0.06697357217467083,-0.08745631471670087,-0.07815870736120513,-0.08600613294104595,-0.08472067521337609,-0.08584851786758983,-0.08136852499842243,-0.08455400575024423,-0.08225983257550526,-0.08271591238466751,-0.08273729861029426,-0.08333673553617575,-0.08025959551856267,-0.0886561009703052,-0.08693631611722392,-0.08935954124149297,-0.08876981642876544,-0.08615630515818073,0.07099205286687128,-0.08905050017335066,0.02584327880282854,-0.07513262632102502,-0.04750181020384302,-0.08047507080660306,-0.07678689946351241,0.1025756911768387,0.1271042024715423,3.7948946008415073e-16,-0.2888450303436375
A Sare,0.9958198388128114,0.9860314704231766,0.7462774549447592,0.9478198006557295,0.5500306759809035,0.8287236637630963,0.8923747873271333,0.987205652040442,0.968533248691424,0.985282363127909,0.9966636261716489,0.9962532628492377,0.9999200661042811,0.9999933824516761,1.0,0.9963934210094976,0.997087777862067,0.7274257921884015,0.8300847845874356,0.8516167817098872,0.8493832212662292,0.6874877691835302,-0.3680167143323293,0.8593978257935696,-0.0057663474128115235,0.4763464142132732,0.3344075659234567,0.9341619753641783,-0.20516693991532053,-0.8723573576845355,-0.7801899953714873,-0.08326648799341427,-0.08526435860125198,-0.038969671620778065,-0.0829346559946332,-0.06695890972744607,-0.08747107204812833,-0.07819436190995989,-0.08595133522352255,-0.08465127024546147,-0.0857681451354337,-0.08127758176909258,-0.08447142977976614,-0.08218235525249594,-0.0826392292633215,-0.08266115227004794,-0.08325191179971594,-0.08017747475102052,-0.08849354824889366,-0.08696523366636273,-0.08934897653825523,-0.08877226643865319,-0.08597815665544682,0.0707262905355397,-0.08904884264856645,0.025605785307098408,-0.07488476704541366,-0.04724202848215687,-0.08045233341093914,-0.07661480408042563,0.10241858108620755,0.1268921981517278,3.6736363255677516e-16,-0.289622511205997
A Sp,0.999974853350317,0.9961857876205162,0.7337616677873758,0.9700932283014085,0.5359660055714129,0.8105434941043027,0.8795993640305394,0.9845199332490278,0.9821082744961697,0.9907705181291963,0.9985553288716456,0.9991902233623076,0.9965003887360911,0.9966722809456021,0.9963934210094976,1.0,0.9935205721598082,0.769557997236686,0.8197961465142616,0.8497311149846851,0.8438079810979523,0.7384176758733503,-0.4304595933183245,0.8569792679614197,-0.07736333070743018,0.5297125659881136,0.3975909194914829,0.9402334745739453,-0.20782082450644035,-0.8880773805963255,-0.7945940611639069,-0.08407126673367087,-0.08639985215773037,-0.03814196812775951,-0.08470522917691153,-0.066416522378296,-0.08754668745272431,-0.0774594703457449,-0.08657712060462751,-0.08580171920791092,-0.08695437871558705,-0.08203259299495809,-0.08532834347517118,-0.08265852995609077,-0.08314323929171742,-0.08315549307201013,-0.08402565153042038,-0.0805786349416878,-0.0938734102244835,-0.08812834323253765,-0.09145240620347196,-0.09059552345018396,-0.09141224203875692,0.07826900984338231,-0.09081076709817086,0.029617368883775464,-0.08210266134170636,-0.05535204409171585,-0.08037472179799948,-0.079566999533765,0.10730714922468507,0.13272483315228262,4.04166482920321e-16,-0.2721783562197482
A Si,0.9930428751398883,0.9821702224658306,0.792080567850477,0.9483123115021661,0.5879797991990174,0.7872127351086752,0.8600119138306549,0.9724048112533149,0.9583857053222796,0.9732616480656711,0.9965570004597599,0.9905508171038548,0.997835382620643,0.9971722005394874,0.997087777862067,0.9935205721598082,1.0,0.7018422859283076,0.7876979230488076,0.8123258486618402,0.8097826352998537,0.667789974850103,-0.3386403650096304,0.8204576647884594,-0.027732273812735877,0.48037886580991634,0.32824310563790615,0.9115845927011375,-0.15478375430576027,-0.8555081126408469,-0.7804681118233255,-0.08486537440168705,-0.08679182504958557,-0.04238151742489314,-0.08519650331561103,-0.0687057787892222,-0.08537115976599341,-0.07720121271461737,-0.08655772734256051,-0.08556245033004828,-0.08675869544740404,-0.08301619007773933,-0.08585232595788347,-0.08367566406914687,-0.0840787676451001,-0.08408709844758322,-0.08482917559599504,-0.08193714300196035,-0.08761406653456447,-0.0837757108242543,-0.08658570669548847,-0.08585813681810199,-0.08569769634948574,0.07068404338118404,-0.0864146508291999,0.029363935097135876,-0.07486585514553233,-0.04649962610782931,-0.08197070942838378,-0.08230160293205652,0.10156661105997718,0.12784759711600857,3.8367653404169166e-16,-0.2901769049818177
A Mv,0.77255233331304,0.8100920895460465,0.2665829696153707,0.8496941569604276,0.21019877681608415,0.6510206146384839,0.6667492132436856,0.7697834884819813,0.8393255270593398,0.8204962387081464,0.7520732927729983,0.7794876569465744,0.7244491347553772,0.7287825966825865,0.7274257921884015,0.769557997236686,0.7018422859283076,1.0,0.7523062365183595,0.8285888321236932,0.8026903950739401,0.9888630880988379,-0.849085964822206,0.817500330579765,-0.31839456607532063,0.8063842542133057,0.8278706783344393,0.7847173249161653,-0.21663075107002125,-0.8922012930768768,-0.7956902551382118,-0.032517426715639106,-0.034489281505349106,-0.0023466677600716135,-0.03545021915351322,-0.0090624772235283,-0.04921744457488865,-0.028059949984648423,-0.03617256699776818,-0.03454777989273807,-0.03793883843253146,-0.03193063074684306,-0.03430240271360714,-0.03177388309629549,-0.03225611914888821,-0.03229506860950733,-0.0324140856106729,-0.029587448796151994,-0.07567966181605774,-0.0633785773561194,-0.0679664753594473,-0.06713222879757541,-0.06891032392778802,0.07730643985619133,-0.06357525808944761,-0.0037020368673430144,-0.06544523309925762,-0.07663073917968023,-0.022361071308928542,-0.05579329377700211,0.08593892409043528,0.10377374100946132,2.810440570859927e-16,-0.08793948841626095
A Mse,0.8181075591386375,0.8161276796405966,0.29656314200213046,0.7381880854346148,0.20814781488189774,0.9690442041461699,0.9540377757270672,0.9009296356147594,0.8408508920185781,0.8732459744949513,0.8032429874521381,0.8399296378890351,0.8240494846513545,0.8291599695706211,0.8300847845874356,0.8197961465142616,0.7876979230488076,0.7523062365183595,1.0,0.9905639675917575,0.9943797887071217,0.6668346011830378,-0.4550817829756936,0.9924051726198431,0.23532882525008797,0.3363648605003193,0.29092766531061576,0.8865482282619126,-0.5049274079220987,-0.8117403988440137,-0.6221595526086607,-0.041843351234223156,-0.04404186589037925,-0.004851270467777313,-0.036318345796407935,-0.026573071063020245,-0.07089192043270921,-0.057467079292974614,-0.05008832392110057,-0.04718221166257049,-0.04639370201550373,-0.03958173686196623,-0.043914919732457605,-0.04235494997970941,-0.04292764571622885,-0.0430403744736167,-0.04200688258653864,-0.039409599081390224,-0.06191834743871441,-0.08076587802715926,-0.07835880534265242,-0.07920982173841361,-0.05609337107926506,0.044179324511975385,-0.07780892798118043,-0.010089916322633716,-0.04590396119955013,-0.02954770744274719,-0.03716271106874553,-0.012051034283626492,0.07034427109117534,0.07425287774423053,3.118189886999244e-16,-0.22883048799022807
A Mpe,0.8487872537037409,0.8529337135165113,0.3154861852933944,0.7927437111600582,0.2606346240032535,0.939172483419514,0.932411492705721,0.9169173394136942,0.8798463302435835,0.903956938733252,0.8333564136911382,0.8686108150798644,0.8458504021123878,0.8510395125314383,0.8516167817098872,0.8497311149846851,0.8123258486618402,0.8285888321236932,0.9905639675917575,1.0,0.9989478273230767,0.7516524672843169,-0.5259987703512602,0.9984783256945747,0.16051204791453588,0.45604285533086947,0.41007111309981625,0.9045180100940255,-0.4309009513158126,-0.8725936241222074,-0.705789192584095,-0.04098618828355804,-0.043159837004239726,-0.0028946114973681233,-0.03690484202944089,-0.024849200753203276,-0.06895650274683708,-0.05375330570387919,-0.048887300815989895,-0.04632446027486654,-0.04619046969802213,-0.03888562819883079,-0.04314521576281882,-0.04115565233178018,-0.04176044388943237,-0.04186312100886989,-0.04110394528372197,-0.03817412240593061,-0.06738383793011084,-0.08133829070357772,-0.08024295641866065,-0.0808636083420341,-0.060804994107816604,0.051735299921725264,-0.07878741658576575,-0.012286511713590546,-0.05072389072861186,-0.04037872292861293,-0.03633301220679225,-0.02420189223216233,0.07675530722792433,0.08453464297327058,2.7676693431024154e-16,-0.222461016039687
A Mare,0.8425543301454873,0.8437343153669635,0.3154872864451549,0.7763892792789224,0.26762072175917134,0.9465114882545757,0.9380097693562699,0.9151636144833315,0.8701699407438404,0.8975764802558373,0.827963334267272,0.8631678102600124,0.8434505338029386,0.8486499028290884,0.8493832212662292,0.8438079810979523,0.8097826352998537,0.8026903950739401,0.9943797887071217,0.9989478273230767,1.0,0.7210524323592556,-0.48903335922128804,0.9979050328973663,0.20117642243761447,0.42436712129723947,0.3724630481185346,0.9003838942472615,-0.43381728413552145,-0.8605837003136867,-0.6931501399886566,-0.04076549340916119,-0.04288530018516353,-0.0025896929925649363,-0.036165333315670935,-0.025698638815071898,-0.06931072500926296,-0.054794759034387505,-0.04892668911508942,-0.04631794657479604,-0.045921750780802205,-0.03858160152188873,-0.042932657939522126,-0.04100721045660468,-0.041615723054577454,-0.0417225576298781,-0.040899860276552014,-0.03800078267120688,-0.06551432744156455,-0.08155641710595411,-0.08000671548332133,-0.08075714354308412,-0.05895362462762118,0.048538537474247814,-0.07876701874344222,-0.013713940739611285,-0.04825933105715901,-0.03683381847560936,-0.036818581426375716,-0.021633523392621413,0.07478810350311933,0.08174860334141719,2.8680807552544134e-16,-0.23131911438209746
A Mp,0.7421034603232625,0.7864617642502465,0.2785874204904723,0.8431249237300739,0.19626150477862161,0.5661359354958254,0.6009463123907344,0.7199717046865683,0.8135005909905831,0.7800690724441703,0.7205358397253081,0.7440440274829542,0.685774624458741,0.6892941056698225,0.6874877691835302,0.7384176758733503,0.667789974850103,0.9888630880988379,0.6668346011830378,0.7516524672843169,0.7210524323592556,1.0,-0.8798962233471749,0.7429193122518991,-0.4538082514718377,0.8426406653499106,0.8617444522125873,0.7376749158991661,-0.19588722568115138,-0.8463426304805529,-0.7579690039686279,-0.03363966084450949,-0.03619963093577799,-0.003059621242541754,-0.03885240368824442,-0.008551735903847672,-0.04498328438309629,-0.024779724450378477,-0.03597783205882675,-0.03584859958186408,-0.038953238064902806,-0.032959993425605454,-0.03523763868298325,-0.032116178840791834,-0.03258570160303205,-0.032589498212694544,-0.033463280905387825,-0.030089340121522985,-0.08155110663998663,-0.059485625291704154,-0.06599719293859606,-0.06448552507300036,-0.07611935545248584,0.08814216291362742,-0.06153938623130282,0.010432169352855446,-0.0773873840434393,-0.08612722897869088,-0.02281031263651868,-0.06693443341381111,0.08963703734783507,0.11101855741420477,2.9855787496703005e-16,-0.0638539106057475
A Mi,-0.43550571791377507,-0.49007993416074386,0.007990913232892173,-0.5906729223292297,0.26890714086511175,-0.3913255772746257,-0.35904352390820554,-0.4194803431482433,-0.5127574929492498,-0.4868095986093554,-0.40973991718405217,-0.43795867589584553,-0.3668655903633655,-0.3703001600859059,-0.3680167143323293,-0.4304595933183245,-0.3386403650096304,-0.849085964822206,-0.4550817829756936,-0.5259987703512602,-0.48903335922128804,-0.8798962233471749,1.0,-0.5135992946917786,0.584524234008895,-0.6427451550718459,-0.8267592381537917,-0.47648856629601094,0.3262387746863484,0.578611285677481,0.45461085512620464,0.017725679379031162,0.01828378481250072,0.014383914254293547,0.02134952933864856,-0.012887623707096434,0.027525461112932286,0.004078057962314263,0.01691131450184236,0.011892171737878002,0.01899831300871434,0.01955707786365704,0.018386475985048875,0.01899614239278362,0.018987806471104676,0.019026483168335693,0.01760477182583723,0.018558927761682,0.04269765535008827,0.02638950935775599,0.03034157404412447,0.029246647555068485,0.038454946841675844,-0.058243289727698606,0.02614655346211128,-0.004466568619110325,0.0399013039235027,0.059973236475417205,-0.003933744265692809,0.01520976882736189,-0.05225652234844706,-0.057149851574468086,-1.4107933510674727e-16,-0.12254102510103924
A ETA_dEpsilon_A,0.855913509055728,0.8599921255692704,0.3285279416377227,0.7956090767247206,0.2611986673995388,0.946972365464791,0.946948706051301,0.9243187541529226,0.8879807082091811,0.9076841083993973,0.8393697653462671,0.8752020399230191,0.8537965457262069,0.8588133225428932,0.8593978257935696,0.8569792679614197,0.8204576647884594,0.817500330579765,0.9924051726198431,0.9984783256945747,0.9979050328973663,0.7429193122518991,-0.5135992946917786,1.0,0.15006543316923082,0.4432675152578005,0.3820338686288091,0.9084338718945365,-0.45594750667527173,-0.8652740805548681,-0.6903931427838155,-0.04218540438037604,-0.044746227606534364,-0.0025228380732109715,-0.03832672502784748,-0.02685064552200982,-0.06933405631715787,-0.054966196288789446,-0.050115233985701155,-0.048256199248865456,-0.047416165008869984,-0.03979633060577918,-0.044355572375368996,-0.042098710318839244,-0.042727256578265545,-0.04282351107332561,-0.042295698982575784,-0.039061662734051296,-0.06997167155267812,-0.08216784323343995,-0.08146310261189904,-0.08194393650664494,-0.06386536180511437,0.054101454144428685,-0.08029862750487096,-0.007524724131030318,-0.05654509589450054,-0.04128942138971223,-0.037642432329841595,-0.028153941395926474,0.07875387542956533,0.08779206595874448,2.8983982656384917e-16,-0.2303369195288943
A ETA_dAlpha_B,-0.08303242117506865,-0.14083439594385413,-0.14060584373875576,-0.2691553126513371,0.14100807116614728,0.24960543986798836,0.14973810005950222,0.032457980375711126,-0.131813523795367,-0.04335627979083704,-0.06751318784295082,-0.05566509485320363,-0.012584593112409915,-0.009131504157225582,-0.0057663474128115235,-0.07736333070743018,-0.027732273812735877,-0.31839456607532063,0.23532882525008797,0.16051204791453588,0.20117642243761447,-0.4538082514718377,0.584524234008895,0.15006543316923082,1.0,-0.4884445124671805,-0.5219197889509475,0.007708879599627989,0.02691636217879929,0.028087727198638036,0.018405264166584636,0.017000462221027003,0.020493470009527302,0.012241994309448258,0.031701364358016355,-0.006517979864056054,-0.009629307849133061,-0.014728497050750583,0.009039524770108246,0.01506088189309224,0.016892347431443158,0.01724131426897944,0.016224334221811073,0.013078328537904992,0.013004977863014217,0.012820236694463142,0.016526564696640503,0.013780500395713017,0.05420282760125319,-0.008579605973180832,0.004206570450640426,-0.00013337090445876798,0.059899830504050934,-0.08836400215622148,0.002056614364685843,-0.08295721372125149,0.08707891557354426,0.07915955235998362,0.004964385484859145,0.08371105430407987,-0.04664451445386649,-0.07331387292522572,-2.0883524431597006e-16,-0.1467723551096612
A ETA_BetaP,0.5337308198109235,0.5831325380209592,0.24449309533299002,0.6518614885167614,0.45701925117986547,0.18313771444993077,0.26090394993122795,0.4707368442433884,0.6106486697889388,0.5500657791727951,0.5186328408480062,0.5280537645185639,0.47579101244155636,0.47832636901958064,0.4763464142132732,0.5297125659881136,0.48037886580991634,0.8063842542133057,0.3363648605003193,0.45604285533086947,0.42436712129723947,0.8426406653499106,-0.6427451550718459,0.4432675152578005,-0.4884445124671805,1.0,0.8709431058629032,0.46341643063299937,0.25681732316361977,-0.6830899000396898,-0.7489403881571198,-0.004057451974189789,-0.006506819372554627,0.028076869505840717,-0.016007474529328856,0.009183033087472751,-0.007127912908242264,0.0111612733475829,-0.0054839404125885255,-0.010372252689004904,-0.01284817892549946,-0.003015802901980938,-0.005926297560535139,0.00026491843234571923,-0.00041948328078962236,-0.0003441124158511552,-0.0036751809968419633,0.0023825128314584497,-0.07894991027201935,-0.03670407438827879,-0.04857110415469466,-0.04635846864140356,-0.07152291344771863,0.09251054554898662,-0.04155983430498136,-0.0083149762057548,-0.08295705919548456,-0.1056621561615077,-0.008616291242719884,-0.13514725606873673,0.08219627978313791,0.12526011185489633,3.810529696101327e-16,-0.0959097750551909
A FMF,0.40291929130787046,0.45398888634710677,0.0729413519824216,0.5684195850750465,0.1460417351077797,0.14288347907295262,0.15436090205626699,0.34533297514400124,0.4763741629083684,0.4425093173981728,0.3900590517409478,0.39971286890263563,0.33371619231650496,0.3367619487070604,0.3344075659234567,0.3975909194914829,0.32824310563790615,0.8278706783344393,0.29092766531061576,0.41007111309981625,0.3724630481185346,0.8617444522125873,-0.8267592381537917,0.3820338686288091,-0.5219197889509475,0.8709431058629032,1.0,0.3770331006970186,0.14804103468257374,-0.6268428485632613,-0.6582996935376337,-0.012271566069810247,-0.012600474321315327,0.005157157088407966,-0.01810156837831265,0.009758003257221036,-0.02115270130132931,-0.0026034198944610847,-0.013310214547589322,-0.012515768412317607,-0.017331240904999327,-0.012904189383872102,-0.01346796177744809,-0.01110118314960847,-0.011415437244216984,-0.011409650679903178,-0.012081959754991259,-0.009750771373134147,-0.055769975295883345,-0.03592881550930182,-0.04153801374376652,-0.04038731571897407,-0.04962746022397328,0.0680203365396543,-0.03575279324943887,-0.00955587485408551,-0.03827570426989874,-0.08060854065584684,-0.004112126701332768,-0.037457816718612244,0.06329197236989198,0.07527178585118936,1.3868402739025434e-16,0.07726901030395349
A fragC,0.9399628887478918,0.9394840129507002,0.5103187018308468,0.9036619036347167,0.4000664066284747,0.8805980421073254,0.9248973005440757,0.9659600212158089,0.9492480080650296,0.9684883085360594,0.930672044031791,0.9492155929484088,0.9311875753468436,0.9341792296063651,0.9341619753641783,0.9402334745739453,0.9115845927011375,0.7847173249161653,0.8865482282619126,0.9045180100940255,0.9003838942472615,0.7376749158991661,-0.47648856629601094,0.9084338718945365,0.007708879599627989,0.46341643063299937,0.3770331006970186,1.0,-0.3590425277662625,-0.8661498086497629,-0.7232824341904834,-0.0846862318150274,-0.087527794061908,-0.025686005369342253,-0.08420679198898806,-0.06602375194877132,-0.09949178451224024,-0.08616158496503801,-0.090820035512418,-0.08931864336517972,-0.09110810343502988,-0.08209500086039594,-0.08684517025615006,-0.08277178132002602,-0.08354312112315063,-0.08358287891646095,-0.08467593338033569,-0.07945361128499963,-0.10475682742249004,-0.1032314571791277,-0.10586415478186828,-0.10521694086545302,-0.10054014788355593,0.08810414224680771,-0.10418596473859768,0.02236449864532973,-0.08861787232589388,-0.0676351787168825,-0.0852507722266207,-0.054011681575602384,0.11446452580575646,0.13176388578282985,3.6249047829018127e-16,-0.26470509834161365
A HOMO,-0.2064720952253652,-0.2195249258664941,0.17075600841392094,-0.1556207474094702,0.494955640130913,-0.5689991514946023,-0.5562593190124187,-0.3058377969148841,-0.2633097331346637,-0.2517114894427408,-0.17528555568049822,-0.2225827642715777,-0.20135665141720782,-0.2048166417174508,-0.20516693991532053,-0.20782082450644035,-0.15478375430576027,-0.21663075107002125,-0.5049274079220987,-0.4309009513158126,-0.43381728413552145,-0.19588722568115138,0.3262387746863484,-0.45594750667527173,0.02691636217879929,0.25681732316361977,0.14804103468257374,-0.3590425277662625,1.0,0.08445806128578214,-0.2485105750555556,0.07370863675626002,0.08042372453452988,0.006236796220434938,0.0664831853157048,0.061487797209079015,0.10024928488758068,0.10438144503872837,0.08518244813774642,0.09092436732689461,0.07888532486100963,0.0667592163902733,0.07595534831470502,0.07083427412218994,0.07178158159412533,0.07182407323072768,0.07391676206950597,0.06629601780505183,0.09057725969334267,0.10177776123052734,0.09915808799856977,0.09840428441832964,0.09499085885285126,-0.07249213324203424,0.10462832590986473,-0.07746078193142146,0.09927243263490002,0.032882306403017134,0.06927041432219072,-0.08016275649212011,-0.08222271493228352,-0.05682197850985649,-1.9264277239513532e-16,-0.03305721758642374
A LOMO,-0.8892157802292145,-0.894908652492647,-0.4656250511551481,-0.9012468597584247,-0.4615250641726683,-0.7474731715803317,-0.7633151670086107,-0.8915699108009366,-0.919197358892291,-0.9183900309781827,-0.8785138084301808,-0.8976168728314873,-0.869298562014324,-0.8727576921199572,-0.8723573576845355,-0.8880773805963255,-0.8555081126408469,-0.8922012930768768,-0.8117403988440137,-0.8725936241222074,-0.8605837003136867,-0.8463426304805529,0.578611285677481,-0.8652740805548681,0.028087727198638036,-0.6830899000396898,-0.6268428485632613,-0.8661498086497629,0.08445806128578214,1.0,0.944179583320251,0.04153825473437727,0.04188354317544819,0.014450212640310532,0.039740464500555205,0.03309844829354886,0.057005973865068116,0.04008896691184471,0.04569577194722035,0.04208285176213061,0.0451000984285657,0.04110709821224221,0.04316489630828841,0.042359726609009184,0.042762193756336636,0.04285455945696594,0.04158303019104113,0.04065258780283691,0.06063748850906592,0.06636779077044982,0.06784073814573828,0.06834403495618885,0.053045197332096276,-0.04409607266057066,0.06491593438548857,0.024024996452327446,0.0427310392986899,0.045149394075638415,0.034055395255072056,0.0615613790275357,-0.08188431940976741,-0.1015488654029981,-2.511627303608217e-16,0.2059160042087287
A Bandgap,-0.7961466089726331,-0.7973652356525974,-0.5090893277426903,-0.8246541405708984,-0.6122881597050771,-0.5385023050824491,-0.5581142954088499,-0.7655835255327978,-0.8065005440983868,-0.8095502625763378,-0.7960538544586241,-0.7989869438433316,-0.7784762614149517,-0.7806949744161839,-0.7801899953714873,-0.7945940611639069,-0.7804681118233255,-0.7956902551382118,-0.6221595526086607,-0.705789192584095,-0.6931501399886566,-0.7579690039686279,0.45461085512620464,-0.6903931427838155,0.018405264166584636,-0.7489403881571198,-0.6582996935376337,-0.7232824341904834,-0.2485105750555556,0.944179583320251,1.0,0.0160104459749087,0.014126009997725035,0.011985124843455602,0.016651633958496826,0.011846451166429437,0.02227198485996977,0.004460776942131216,0.01625859366601891,0.010848114968213281,0.017761445416347665,0.017888882652783746,0.016848917421805616,0.017759300930388605,0.017837348580324437,0.01791308924143185,0.015985163484108524,0.017600191186741467,0.02899988131183862,0.030867296876615328,0.03316524928510794,0.03390372221817076,0.020160205398647733,-0.018899098327437545,0.02851351148134088,0.04896425848709367,0.008718245223641322,0.0330185371730132,0.010203671443482956,0.08634677521723437,-0.052416094773378004,-0.07992984861271356,-1.8368503117039503e-16,0.2111005847402657
B apol,-0.08409933536135937,-0.08113497172846049,-0.080520635261574,-0.08259004739100867,-0.04298759244147102,-0.05803890576063207,-0.06985556147275883,-0.07861503530993523,-0.07804839650776849,-0.07989675861811654,-0.08521096938821918,-0.08259265241858779,-0.0837138590847982,-0.08335276837636127,-0.08326648799341427,-0.08407126673367087,-0.08486537440168705,-0.032517426715639106,-0.041843351234223156,-0.04098618828355804,-0.04076549340916119,-0.03363966084450949,0.017725679379031162,-0.04218540438037604,0.017000462221027003,-0.004057451974189789,-0.012271566069810247,-0.0846862318150274,0.07370863675626002,0.04153825473437727,0.0160104459749087,1.0,0.9971109953437225,0.6750225154345021,0.9908163823313451,0.8481746400319109,0.8862197492263284,0.8685746866186244,0.9831144825747109,0.953800119345176,0.9872521825685405,0.9967235310028124,0.9991370654633688,0.9973055642308737,0.9980991114958371,0.9980271521614313,0.9999907053644039,0.9923141159615019,0.6553325668598871,0.6531611821821978,0.6602832408834862,0.6529459959844363,0.6741441586397922,-0.5201865302115753,0.6672813348037052,-0.43517326647910987,0.41160983335367907,0.33679982297033734,0.9295004045531782,-0.06938958644093178,-0.7873394506767973,-0.7661322146672253,-1.743305353916536e-16,0.02312842910507414
B AMR,-0.08642057018755273,-0.08392107810119181,-0.08057421271339571,-0.08459940361941429,-0.04586309212911584,-0.05916428657678733,-0.07340888481606661,-0.08106537899533639,-0.08175676167841261,-0.0821759018679932,-0.08714926134793549,-0.08486046896353448,-0.08569933378987743,-0.08535953003859154,-0.08526435860125198,-0.08639985215773037,-0.08679182504958557,-0.034489281505349106,-0.04404186589037925,-0.043159837004239726,-0.04288530018516353,-0.03619963093577799,0.01828378481250072,-0.044746227606534364,0.020493470009527302,-0.006506819372554627,-0.012600474321315327,-0.087527794061908,0.08042372453452988,0.04188354317544819,0.014126009997725035,0.9971109953437225,1.0,0.6402963796521797,0.9895235349720852,0.85395593532868,0.8905437985722164,0.8807238003448812,0.9858161333975736,0.9675903545447054,0.9899037274753822,0.989531996191576,0.997538463816094,0.9902935619229771,0.9917517448129212,0.9916258521719017,0.9970516775982248,0.9829449365107342,0.7008600919855712,0.684955104793088,0.695691150333697,0.687197824625801,0.7205924603540392,-0.5640541491136425,0.7031538161837672,-0.4622021799718872,0.47430559534476696,0.38373153963031414,0.9286102007273358,-0.08739000806074843,-0.8183033647777457,-0.7914060459239628,-1.9162043649534707e-16,0.018964456823352824
B nH,-0.03831221165389969,-0.03445155296983447,-0.07371568957580896,-0.042861112889789006,0.009080713100420178,-0.020888208427563927,-0.015620065897744662,-0.028595229031152747,-0.022217753368070154,-0.03059358621055182,-0.04204185182123877,-0.03595546784489888,-0.03992806309608037,-0.03906090886200509,-0.038969671620778065,-0.03814196812775951,-0.04238151742489314,-0.0023466677600716135,-0.004851270467777313,-0.0028946114973681233,-0.0025896929925649363,-0.003059621242541754,0.014383914254293547,-0.0025228380732109715,0.012241994309448258,0.028076869505840717,0.005157157088407966,-0.025686005369342253,0.006236796220434938,0.014450212640310532,0.011985124843455602,0.6750225154345021,0.6402963796521797,1.0,0.6947314982994599,0.3707056292696797,0.34194525437301115,0.28013303121395594,0.5387125455026364,0.43581629484534173,0.5533019584497405,0.7265157493386021,0.6452820827461223,0.7175354272932583,0.7062416415258941,0.7059742165370004,0.674190120109685,0.7573852872217135,-0.008857694643028128,-0.057077472080003376,-0.060919548993472544,-0.06863656504628043,0.03932190186258281,-0.06253419862010758,-0.049099297336317786,-0.4223884646739818,-0.15277094270246927,-0.19753596383285346,0.41964233837247306,0.3347324464949602,-0.18799268492059362,-0.29463611823424934,6.586299939513423e-17,0.04261742443653775
B nC,-0.08479838630394716,-0.08289919172985004,-0.08372978398069245,-0.08543341568948905,-0.048666444189248835,-0.050839721179718536,-0.06573657839084546,-0.07726095696830614,-0.07937436133650459,-0.0797820672389394,-0.08581846888662818,-0.08281008971624544,-0.08347988637340886,-0.08306580100677147,-0.0829346559946332,-0.08470522917691153,-0.08519650331561103,-0.03545021915351322,-0.036318345796407935,-0.03690484202944089,-0.036165333315670935,-0.03885240368824442,0.02134952933864856,-0.03832672502784748,0.031701364358016355,-0.016007474529328856,-0.01810156837831265,-0.08420679198898806,0.0664831853157048,0.039740464500555205,0.016651633958496826,0.9908163823313451,0.9895235349720852,0.6947314982994599,1.0,0.8051247854215128,0.8377986304000179,0.8136708945585114,0.9594742044243484,0.9312400861391017,0.9750180251117015,0.9919542446394646,0.9876606350075585,0.9855705571765669,0.985700238795867,0.9853998291946953,0.9902241943737174,0.9834910499015976,0.6689532446584799,0.6035147197809532,0.62224569599187,0.6107573360654818,0.69300864153974,-0.5847794042584761,0.624591073468,-0.49738194625125165,0.44776750442356855,0.3947989569759533,0.9107779441930498,0.019680368324782614,-0.7836464031085688,-0.7907577419636332,-1.8899628640375465e-16,0.04168197352345631
B nN,-0.06631133344901899,-0.06215359375866222,-0.06689733044450294,-0.06088702405341977,-0.05252268568796373,-0.0435890834292949,-0.05596379050462888,-0.06271703623881951,-0.06326695425520708,-0.06157398435465363,-0.0667324802387655,-0.06522717772602393,-0.06724520509239681,-0.06697357217467083,-0.06695890972744607,-0.066416522378296,-0.0687057787892222,-0.0090624772235283,-0.026573071063020245,-0.024849200753203276,-0.025698638815071898,-0.008551735903847672,-0.012887623707096434,-0.02685064552200982,-0.006517979864056054,0.009183033087472751,0.009758003257221036,-0.06602375194877132,0.061487797209079015,0.03309844829354886,0.011846451166429437,0.8481746400319109,0.85395593532868,0.3707056292696797,0.8051247854215128,1.0,0.8110345620036357,0.8689695580218169,0.8866446908237231,0.9075754605656036,0.872369664338091,0.8197634151968337,0.8586620635828187,0.8334998427853356,0.8389909692649634,0.8392764761500419,0.8492910940013981,0.8161319924651799,0.6168227253678722,0.690262936644442,0.6962957046942765,0.6976379154233667,0.618495451806209,-0.3041412762354752,0.71141387072175,-0.20031841819025736,0.465143813161479,0.28883036845372645,0.8802945245892573,-0.1931431971276028,-0.7666176476681661,-0.7060364900425778,-1.574798791566265e-16,0.032917389504299954
B nO,-0.08744272238646704,-0.08442842065143019,-0.050128662490761755,-0.0814453307774356,-0.03538140754258382,-0.08464717785121763,-0.09137513246260434,-0.090632924014521,-0.08672617267231786,-0.08995161929844935,-0.08703881346595617,-0.08818280252192787,-0.08723842723232143,-0.08745631471670087,-0.08747107204812833,-0.08754668745272431,-0.08537115976599341,-0.04921744457488865,-0.07089192043270921,-0.06895650274683708,-0.06931072500926296,-0.04498328438309629,0.027525461112932286,-0.06933405631715787,-0.009629307849133061,-0.007127912908242264,-0.02115270130132931,-0.09949178451224024,0.10024928488758068,0.057005973865068116,0.02227198485996977,0.8862197492263284,0.8905437985722164,0.34194525437301115,0.8377986304000179,0.8110345620036357,1.0,0.9724712729672325,0.9487440926267529,0.9363076642272015,0.928925584105475,0.8586503902737529,0.9022492331082147,0.8742905846894137,0.8806926793810016,0.8812230504670814,0.8874959798122134,0.8460358135292104,0.742349701319447,0.8884217238882501,0.8720605568167303,0.8748774808131955,0.7242266426369763,-0.5052847253154822,0.8766200468291061,-0.16674329927422046,0.4327385719198806,0.3831436035319766,0.9186620245864975,-0.37668110712274605,-0.8382176523763275,-0.7193528061006891,-2.0192449572023392e-16,-0.032915717751154344
B nS,-0.07725154574647713,-0.07347437222021591,-0.0532121841548037,-0.06809282738717588,-0.0422620685679426,-0.07152099104561332,-0.08309387424897949,-0.07971158946822893,-0.07626072234246502,-0.07739581659616881,-0.07710242170766793,-0.07746565158284989,-0.07809750096143249,-0.07815870736120513,-0.07819436190995989,-0.0774594703457449,-0.07720121271461737,-0.028059949984648423,-0.057467079292974614,-0.05375330570387919,-0.054794759034387505,-0.024779724450378477,0.004078057962314263,-0.054966196288789446,-0.014728497050750583,0.0111612733475829,-0.0026034198944610847,-0.08616158496503801,0.10438144503872837,0.04008896691184471,0.004460776942131216,0.8685746866186244,0.8807238003448812,0.28013303121395594,0.8136708945585114,0.8689695580218169,0.9724712729672325,1.0,0.9407630132485055,0.9546762423194683,0.915491175598506,0.8308736508781006,0.8852831122450845,0.8490459903006851,0.8564295397200711,0.856839470158563,0.8700629584463991,0.8183103740916502,0.755868520819449,0.8949302484580236,0.8802575325071565,0.8820067241563708,0.7518842049671877,-0.48550705870775185,0.8942287929317059,-0.2532308667591842,0.4866055265092716,0.3801627262462418,0.919658955831295,-0.4534837357038907,-0.8298159060789745,-0.686520096982595,-2.0151245233808267e-16,-0.045706793056779126
B MW,-0.08654518590543042,-0.08354501204224984,-0.07250012959209469,-0.08296934911426149,-0.04630830927130718,-0.06564681065512867,-0.07797629120013495,-0.08365865537421575,-0.08286456201520695,-0.08413141455525959,-0.08702987338781208,-0.08566243422912566,-0.08618457059811525,-0.08600613294104595,-0.08595133522352255,-0.08657712060462751,-0.08655772734256051,-0.03617256699776818,-0.05008832392110057,-0.048887300815989895,-0.04892668911508942,-0.03597783205882675,0.01691131450184236,-0.050115233985701155,0.009039524770108246,-0.0054839404125885255,-0.013310214547589322,-0.090820035512418,0.08518244813774642,0.04569577194722035,0.01625859366601891,0.9831144825747109,0.9858161333975736,0.5387125455026364,0.9594742044243484,0.8866446908237231,0.9487440926267529,0.9407630132485055,1.0,0.9860831368749765,0.9958755029268404,0.9670224190533915,0.9895906357918276,0.9730539685389176,0.9765979201908119,0.9767030257133674,0.9835712627194277,0.9576286879166646,0.7282014829801465,0.7702994356879543,0.7725716050156104,0.7682282261879964,0.7353166472173392,-0.5388564801208005,0.7796382276594446,-0.3602576264125082,0.46934048861467575,0.38896799638635915,0.9614656087742024,-0.19204767821242016,-0.8441387869387359,-0.7839904001322217,-1.9335455663855284e-16,0.007034383062595648
B nBondsD,-0.0857505370864364,-0.08353699603062857,-0.07145152768290784,-0.0815576779554619,-0.05566129674639024,-0.060177680158085375,-0.07775488422444565,-0.08250703673265583,-0.0847470323243112,-0.08274794373235383,-0.08563026222715486,-0.08463746280105497,-0.08488416663667853,-0.08472067521337609,-0.08465127024546147,-0.08580171920791092,-0.08556245033004828,-0.03454777989273807,-0.04718221166257049,-0.04632446027486654,-0.04631794657479604,-0.03584859958186408,0.011892171737878002,-0.048256199248865456,0.01506088189309224,-0.010372252689004904,-0.012515768412317607,-0.08931864336517972,0.09092436732689461,0.04208285176213061,0.010848114968213281,0.953800119345176,0.9675903545447054,0.43581629484534173,0.9312400861391017,0.9075754605656036,0.9363076642272015,0.9546762423194683,0.9860831368749765,1.0,0.9807424534756007,0.9267484053210353,0.9636459246275896,0.9339037102861245,0.9391705262683501,0.9391757379307583,0.9542313109134691,0.9129506963229359,0.8028914001880001,0.8212113010288584,0.8310619633880861,0.8250807296507772,0.811527578683432,-0.5960137660427989,0.8401492367365839,-0.393841690985883,0.5860499744477595,0.47123159066223186,0.9505060796923125,-0.23422154502466108,-0.8919248424967645,-0.8184179832244708,-2.1612499635052323e-16,0.003649871335236695
B nBonds,-0.08696539215772324,-0.08450709745289042,-0.07414803389568128,-0.08480565908152451,-0.05006110762727898,-0.06130404219232698,-0.07505240528951122,-0.08284999986833974,-0.08346167179911725,-0.08422731783619393,-0.08747267400342022,-0.0858304820087542,-0.08605021246649007,-0.08584851786758983,-0.0857681451354337,-0.08695437871558705,-0.08675869544740404,-0.03793883843253146,-0.04639370201550373,-0.04619046969802213,-0.045921750780802205,-0.038953238064902806,0.01899831300871434,-0.047416165008869984,0.016892347431443158,-0.01284817892549946,-0.017331240904999327,-0.09110810343502988,0.07888532486100963,0.0451000984285657,0.017761445416347665,0.9872521825685405,0.9899037274753822,0.5533019584497405,0.9750180251117015,0.872369664338091,0.928925584105475,0.915491175598506,0.9958755029268404,0.9807424534756007,1.0,0.9743651591486462,0.9926275705461821,0.9753641069288818,0.9786138834986797,0.9785854606357272,0.9873440106398772,0.961415439619535,0.7415864925525436,0.7450702017912407,0.7548356370960977,0.7480333842553266,0.7509015292259462,-0.5811535731856323,0.7577369135292418,-0.39179594826598774,0.488274828862307,0.43287824908533773,0.9657002052009113,-0.1384293794126618,-0.8479675894980742,-0.8048729982521902,-1.9585060832880678e-16,0.023165794798323744
B nBonds2,-0.08208765784759305,-0.07901704907915547,-0.08107605775383275,-0.08153460377813466,-0.03884432086936551,-0.05621297856734141,-0.06613157381360431,-0.07606837955658892,-0.07485053014295015,-0.07774428717661867,-0.08351343431165048,-0.08051492598721251,-0.08176911059064969,-0.08136852499842243,-0.08127758176909258,-0.08203259299495809,-0.08301619007773933,-0.03193063074684306,-0.03958173686196623,-0.03888562819883079,-0.03858160152188873,-0.032959993425605454,0.01955707786365704,-0.03979633060577918,0.01724131426897944,-0.003015802901980938,-0.012904189383872102,-0.08209500086039594,0.0667592163902733,0.04110709821224221,0.017888882652783746,0.9967235310028124,0.989531996191576,0.7265157493386021,0.9919542446394646,0.8197634151968337,0.8586503902737529,0.8308736508781006,0.9670224190533915,0.9267484053210353,0.9743651591486462,1.0,0.9931255166079982,0.9983986461517609,0.9980292431187899,0.9979335698639439,0.9965744684355083,0.9976546800850031,0.6093637569096492,0.5992143217672189,0.6062324384584517,0.5985368445619282,0.6300603939964988,-0.4962996180892239,0.6118182106878023,-0.43728287182617426,0.3615314328198523,0.3037430159144686,0.9099713427260524,-0.02378949695906592,-0.7502861405823811,-0.7435385397532824,-1.5780553189764737e-16,0.03062028913889706
B Sv,-0.08534948209686222,-0.08245953784457032,-0.07896629196507482,-0.08357341386351377,-0.044369311149754787,-0.05990942721350971,-0.07198706848819462,-0.08035149596642804,-0.07994568578024785,-0.0815742646195195,-0.08628774705364411,-0.08397278558298096,-0.08486977691077213,-0.08455400575024423,-0.08447142977976614,-0.08532834347517118,-0.08585232595788347,-0.03430240271360714,-0.043914919732457605,-0.04314521576281882,-0.042932657939522126,-0.03523763868298325,0.018386475985048875,-0.044355572375368996,0.016224334221811073,-0.005926297560535139,-0.01346796177744809,-0.08684517025615006,0.07595534831470502,0.04316489630828841,0.016848917421805616,0.9991370654633688,0.997538463816094,0.6452820827461223,0.9876606350075585,0.8586620635828187,0.9022492331082147,0.8852831122450845,0.9895906357918276,0.9636459246275896,0.9926275705461821,0.9931255166079982,1.0,0.9945547174798659,0.9959954296645083,0.9959572259534054,0.999201141459488,0.9871623529244721,0.6766162760757368,0.68135396901453,0.6882133602032228,0.681390617513401,0.6923216228960984,-0.5304399626241086,0.6946369711150933,-0.41766368197720466,0.42952330330199207,0.35545608956756297,0.9400867083048364,-0.09097302645995815,-0.8051740817369958,-0.777123132337351,-1.616211012704384e-16,0.0215363718399598
B Sse,-0.08269133344848335,-0.07934273238611324,-0.08041415640624498,-0.08138040787817985,-0.037115202462852145,-0.05937576307368709,-0.06854722575051235,-0.07738009190353264,-0.0754874482327124,-0.07855464330483068,-0.0840531228409604,-0.08127159291263382,-0.08264162605423671,-0.08225983257550526,-0.08218235525249594,-0.08265852995609077,-0.08367566406914687,-0.03177388309629549,-0.04235494997970941,-0.04115565233178018,-0.04100721045660468,-0.032116178840791834,0.01899614239278362,-0.042098710318839244,0.013078328537904992,0.00026491843234571923,-0.01110118314960847,-0.08277178132002602,0.07083427412218994,0.042359726609009184,0.017759300930388605,0.9973055642308737,0.9902935619229771,0.7175354272932583,0.9855705571765669,0.8334998427853356,0.8742905846894137,0.8490459903006851,0.9730539685389176,0.9339037102861245,0.9753641069288818,0.9983986461517609,0.9945547174798659,1.0,0.999870095322812,0.9998614076594757,0.9973784386879729,0.9981996808504242,0.605570973958299,0.6188515682630461,0.6216866303197668,0.6155453696301345,0.6242017310682334,-0.4726030312959194,0.629671169166567,-0.41420631740635255,0.3554126872642848,0.2802250774138075,0.9105420464405976,-0.053092682440484935,-0.7541148630783449,-0.7380535611084252,-1.566539020124607e-16,0.021748546794883306
B Spe,-0.08317292289798,-0.07985797672869618,-0.08003609193457173,-0.08174425225217999,-0.03794603495300769,-0.05986507459375069,-0.06929681408162645,-0.07799515830181546,-0.07622343969307865,-0.07914620420245214,-0.08447017212153185,-0.08178463925558963,-0.08308382899740335,-0.08271591238466751,-0.0826392292633215,-0.08314323929171742,-0.0840787676451001,-0.03225611914888821,-0.04292764571622885,-0.04176044388943237,-0.041615723054577454,-0.03258570160303205,0.018987806471104676,-0.042727256578265545,0.013004977863014217,-0.00041948328078962236,-0.011415437244216984,-0.08354312112315063,0.07178158159412533,0.042762193756336636,0.017837348580324437,0.9980991114958371,0.9917517448129212,0.7062416415258941,0.985700238795867,0.8389909692649634,0.8806926793810016,0.8564295397200711,0.9765979201908119,0.9391705262683501,0.9786138834986797,0.9980292431187899,0.9959954296645083,0.999870095322812,1.0,0.9999980890171356,0.9981929145922898,0.9971269999463921,0.6155561698453412,0.6302206915612608,0.6332105133534336,0.6271609517812838,0.6333218009875209,-0.4785249059570079,0.6410384425377038,-0.41065307827385533,0.36471931328770235,0.28925944939416043,0.9158545579326788,-0.06130787849052783,-0.7622160471105458,-0.7435512866368373,-1.4334050183180113e-16,0.021280188514378157
B Sare,-0.08318476213734902,-0.07985919691619786,-0.07995920942210977,-0.0817419613874565,-0.03784093784550843,-0.05999687294113028,-0.0693633066632467,-0.07803820028532418,-0.07623122672534786,-0.07917942797484083,-0.08448137912301568,-0.08180559913415236,-0.08310370474238335,-0.08273729861029426,-0.08266115227004794,-0.08315549307201013,-0.08408709844758322,-0.03229506860950733,-0.0430403744736167,-0.04186312100886989,-0.0417225576298781,-0.032589498212694544,0.019026483168335693,-0.04282351107332561,0.012820236694463142,-0.0003441124158511552,-0.011409650679903178,-0.08358287891646095,0.07182407323072768,0.04285455945696594,0.01791308924143185,0.9980271521614313,0.9916258521719017,0.7059742165370004,0.9853998291946953,0.8392764761500419,0.8812230504670814,0.856839470158563,0.9767030257133674,0.9391757379307583,0.9785854606357272,0.9979335698639439,0.9959572259534054,0.9998614076594757,0.9999980890171356,1.0,0.9981282614919932,0.9970872502088926,0.6151458185325632,0.6307106496157855,0.6335439634595594,0.6275613629842776,0.6327586701807562,-0.4774924635451603,0.6413912548647586,-0.40915614472330014,0.3639525218351722,0.28840769175137054,0.9158991103754502,-0.06210876359703292,-0.7621499259148156,-0.74323042680435,-1.5212041031222762e-16,0.021124286721462437
B Sp,-0.08405163622932996,-0.0810542036379691,-0.0803939789715102,-0.08247442935019261,-0.04279352563427399,-0.05825092778621112,-0.06996579632457274,-0.07863446037246118,-0.07798253541123788,-0.07987627664731076,-0.08516585366000572,-0.08256076550093265,-0.0836960273314092,-0.08333673553617575,-0.08325191179971594,-0.08402565153042038,-0.08482917559599504,-0.0324140856106729,-0.04200688258653864,-0.04110394528372197,-0.040899860276552014,-0.033463280905387825,0.01760477182583723,-0.042295698982575784,0.016526564696640503,-0.0036751809968419633,-0.012081959754991259,-0.08467593338033569,0.07391676206950597,0.04158303019104113,0.015985163484108524,0.9999907053644039,0.9970516775982248,0.674190120109685,0.9902241943737174,0.8492910940013981,0.8874959798122134,0.8700629584463991,0.9835712627194277,0.9542313109134691,0.9873440106398772,0.9965744684355083,0.999201141459488,0.9973784386879729,0.9981929145922898,0.9981282614919932,1.0,0.9922956466932512,0.6547002556144441,0.6545468984461973,0.6612966369239169,0.6540939735951681,0.6733389569694928,-0.5179697224348668,0.668440975645998,-0.4330581673995682,0.4103325305471119,0.33484867323841705,0.9298165707615661,-0.07220875632107139,-0.7872193315087801,-0.7651155208746055,-1.789183513759024e-16,0.022529832628915957
B Si,-0.08062549415802214,-0.07717567678067858,-0.08199521480478275,-0.07984201864413883,-0.03461469378090632,-0.05673134108243137,-0.06509758216691237,-0.07467341002852594,-0.07252471992519666,-0.07597391400587429,-0.08221872619083707,-0.0790569971202364,-0.0806980367739905,-0.08025959551856267,-0.08017747475102052,-0.0805786349416878,-0.08193714300196035,-0.029587448796151994,-0.039409599081390224,-0.03817412240593061,-0.03800078267120688,-0.030089340121522985,0.018558927761682,-0.039061662734051296,0.013780500395713017,0.0023825128314584497,-0.009750771373134147,-0.07945361128499963,0.06629601780505183,0.04065258780283691,0.017600191186741467,0.9923141159615019,0.9829449365107342,0.7573852872217135,0.9834910499015976,0.8161319924651799,0.8460358135292104,0.8183103740916502,0.9576286879166646,0.9129506963229359,0.961415439619535,0.9976546800850031,0.9871623529244721,0.9981996808504242,0.9971269999463921,0.9970872502088926,0.9922956466932512,1.0,0.567412894197189,0.5730615473941199,0.5761127909437808,0.5695738479396026,0.5892587897564314,-0.44832236835068257,0.5845909155132086,-0.42587575998717714,0.32347241879975136,0.2478054912682173,0.8896757774714592,-0.017023446388259113,-0.7236388119292771,-0.7190136724829496,-1.365657705963796e-16,0.025592853498780842
B Mv,-0.09395374974104614,-0.09762564828024715,-0.04333168807100988,-0.09389658186297242,-0.0792352714806496,-0.058813643792703395,-0.08800799818095058,-0.0925454459281187,-0.10675675172460407,-0.09573617777215539,-0.09043641034687984,-0.09348667252179875,-0.08824317753432298,-0.0886561009703052,-0.08849354824889366,-0.0938734102244835,-0.08761406653456447,-0.07567966181605774,-0.06191834743871441,-0.06738383793011084,-0.06551432744156455,-0.08155110663998663,0.04269765535008827,-0.06997167155267812,0.05420282760125319,-0.07894991027201935,-0.055769975295883345,-0.10475682742249004,0.09057725969334267,0.06063748850906592,0.02899988131183862,0.6553325668598871,0.7008600919855712,-0.008857694643028128,0.6689532446584799,0.6168227253678722,0.742349701319447,0.755868520819449,0.7282014829801465,0.8028914001880001,0.7415864925525436,0.6093637569096492,0.6766162760757368,0.605570973958299,0.6155561698453412,0.6151458185325632,0.6547002556144441,0.567412894197189,1.0,0.8732837845852399,0.916830725116304,0.9020780826464269,0.9935321011777951,-0.8946931045341403,0.9054037593263503,-0.4031751948052388,0.8865409543302916,0.8646427337136116,0.7107949608355438,-0.23764387712080617,-0.942464473508439,-0.8679244107668687,-2.8013633515314346e-16,0.044246761252881225
B Mse,-0.08795821947262354,-0.08720075150388308,-0.030316497972993767,-0.07974564176494783,-0.06062681118118591,-0.08270046845586408,-0.09747326491302433,-0.09421755600460045,-0.09623128514352643,-0.0933862669657159,-0.08559306985871136,-0.08947147162608601,-0.0863143356192655,-0.08693631611722392,-0.08696523366636273,-0.08812834323253765,-0.0837757108242543,-0.0633785773561194,-0.08076587802715926,-0.08133829070357772,-0.08155641710595411,-0.059485625291704154,0.02638950935775599,-0.08216784323343995,-0.008579605973180832,-0.03670407438827879,-0.03592881550930182,-0.1032314571791277,0.10177776123052734,0.06636779077044982,0.030867296876615328,0.6531611821821978,0.684955104793088,-0.057077472080003376,0.6035147197809532,0.690262936644442,0.8884217238882501,0.8949302484580236,0.7702994356879543,0.8212113010288584,0.7450702017912407,0.5992143217672189,0.68135396901453,0.6188515682630461,0.6302206915612608,0.6307106496157855,0.6545468984461973,0.5730615473941199,0.8732837845852399,1.0,0.9945182322853581,0.9969643371553856,0.8389524866908891,-0.6111559356067429,0.9954979298170957,-0.08711814786927402,0.6486686195293943,0.5824568215605518,0.7464628646230292,-0.5188211848504467,-0.8847460513522959,-0.7207339590136094,-2.980832733492431e-17,-0.03321265466954244
B Mpe,-0.09133531511085825,-0.09153576341860492,-0.033448523214691654,-0.08478833213912731,-0.06729507984162753,-0.07914927475159822,-0.09718886401848346,-0.09607644125662129,-0.10096629417311484,-0.09615170148311428,-0.088618173950799,-0.09249191703646378,-0.08875529331566567,-0.08935954124149297,-0.08934897653825523,-0.09145240620347196,-0.08658570669548847,-0.0679664753594473,-0.07835880534265242,-0.08024295641866065,-0.08000671548332133,-0.06599719293859606,0.03034157404412447,-0.08146310261189904,0.004206570450640426,-0.04857110415469466,-0.04153801374376652,-0.10586415478186828,0.09915808799856977,0.06784073814573828,0.03316524928510794,0.6602832408834862,0.695691150333697,-0.060919548993472544,0.62224569599187,0.6962957046942765,0.8720605568167303,0.8802575325071565,0.7725716050156104,0.8310619633880861,0.7548356370960977,0.6062324384584517,0.6882133602032228,0.6216866303197668,0.6332105133534336,0.6335439634595594,0.6612966369239169,0.5761127909437808,0.916830725116304,0.9945182322853581,1.0,0.9993376647391021,0.8853376190696208,-0.6743543251293671,0.997861820703256,-0.13413717993966612,0.716040290237485,0.6554540983242813,0.752029785294944,-0.4642997428133153,-0.9174857413541472,-0.7708461097064481,-1.1630908873705418e-16,-0.013960673047338114
B Mare,-0.0904643506179558,-0.09039166322783819,-0.03213095179069221,-0.08347435499207267,-0.06605349919985185,-0.08024820534461172,-0.09712954987325315,-0.09570096814765378,-0.09982153355835416,-0.09554909617249367,-0.08781957652866176,-0.09176529460639572,-0.08814813957051199,-0.08876981642876544,-0.08877226643865319,-0.09059552345018396,-0.08585813681810199,-0.06713222879757541,-0.07920982173841361,-0.0808636083420341,-0.08075714354308412,-0.06448552507300036,0.029246647555068485,-0.08194393650664494,-0.00013337090445876798,-0.04635846864140356,-0.04038731571897407,-0.10521694086545302,0.09840428441832964,0.06834403495618885,0.03390372221817076,0.6529459959844363,0.687197824625801,-0.06863656504628043,0.6107573360654818,0.6976379154233667,0.8748774808131955,0.8820067241563708,0.7682282261879964,0.8250807296507772,0.7480333842553266,0.5985368445619282,0.681390617513401,0.6155453696301345,0.6271609517812838,0.6275613629842776,0.6540939735951681,0.5695738479396026,0.9020780826464269,0.9969643371553856,0.9993376647391021,1.0,0.8679401295383353,-0.6485169173662324,0.9977376716015588,-0.10373015441567891,0.6963131160065842,0.6333329373210085,0.7482320573911705,-0.47820515828912,-0.908302334947875,-0.7572310384491443,-2.519111868545029e-16,-0.017914405792145042
B Mp,-0.09148858117665773,-0.095120901061445,-0.04788952868167961,-0.09136997775640472,-0.07746395238298133,-0.05393620451051583,-0.08526766794458704,-0.08892018168172464,-0.10358170203186381,-0.09181840639631338,-0.08812526831703538,-0.0905562748449632,-0.08586987797749839,-0.08615630515818073,-0.08597815665544682,-0.09141224203875692,-0.08569769634948574,-0.06891032392778802,-0.05609337107926506,-0.060804994107816604,-0.05895362462762118,-0.07611935545248584,0.038454946841675844,-0.06386536180511437,0.059899830504050934,-0.07152291344771863,-0.04962746022397328,-0.10054014788355593,0.09499085885285126,0.053045197332096276,0.020160205398647733,0.6741441586397922,0.7205924603540392,0.03932190186258281,0.69300864153974,0.618495451806209,0.7242266426369763,0.7518842049671877,0.7353166472173392,0.811527578683432,0.7509015292259462,0.6300603939964988,0.6923216228960984,0.6242017310682334,0.6333218009875209,0.6327586701807562,0.6733389569694928,0.5892587897564314,0.9935321011777951,0.8389524866908891,0.8853376190696208,0.8679401295383353,1.0,-0.9098813492243287,0.8774099839795356,-0.5024811359946708,0.8933555280348682,0.8576196168860525,0.7125530011940467,-0.2194363104421227,-0.9282016901377678,-0.8594357651101727,-3.537191318037552e-16,0.043758773871257754
B Mi,0.07853297827528506,0.08509913065455997,0.0357838338145318,0.08503059607203377,0.06419575185900388,0.03609963458263216,0.06697086874818639,0.07352042811387689,0.0915140714603963,0.07957341510889535,0.07511738612651686,0.07715360069051956,0.07071551390541886,0.07099205286687128,0.0707262905355397,0.07826900984338231,0.07068404338118404,0.07730643985619133,0.044179324511975385,0.051735299921725264,0.048538537474247814,0.08814216291362742,-0.058243289727698606,0.054101454144428685,-0.08836400215622148,0.09251054554898662,0.0680203365396543,0.08810414224680771,-0.07249213324203424,-0.04409607266057066,-0.018899098327437545,-0.5201865302115753,-0.5640541491136425,-0.06253419862010758,-0.5847794042584761,-0.3041412762354752,-0.5052847253154822,-0.48550705870775185,-0.5388564801208005,-0.5960137660427989,-0.5811535731856323,-0.4962996180892239,-0.5304399626241086,-0.4726030312959194,-0.4785249059570079,-0.4774924635451603,-0.5179697224348668,-0.44832236835068257,-0.8946931045341403,-0.6111559356067429,-0.6743543251293671,-0.6485169173662324,-0.9098813492243287,1.0,-0.6512243287576396,0.5905460235528129,-0.824731176961123,-0.9116184606062638,-0.5179662811418838,0.024988177507183924,0.7667671611802409,0.7596563490210213,1.6904190238846205e-16,-0.06651950567166676
B ETA_dEpsilon_A,-0.09066201429476202,-0.09049183892514538,-0.035643273565574556,-0.08308162728995107,-0.06611886107916053,-0.07944518502097667,-0.09797849817494539,-0.09549020430383386,-0.09985820812629312,-0.09485191143314836,-0.08800125185662652,-0.0917283505707872,-0.08849548162601016,-0.08905050017335066,-0.08904884264856645,-0.09081076709817086,-0.0864146508291999,-0.06357525808944761,-0.07780892798118043,-0.07878741658576575,-0.07876701874344222,-0.06153938623130282,0.02614655346211128,-0.08029862750487096,0.002056614364685843,-0.04155983430498136,-0.03575279324943887,-0.10418596473859768,0.10462832590986473,0.06491593438548857,0.02851351148134088,0.6672813348037052,0.7031538161837672,-0.049099297336317786,0.624591073468,0.71141387072175,0.8766200468291061,0.8942287929317059,0.7796382276594446,0.8401492367365839,0.7577369135292418,0.6118182106878023,0.6946369711150933,0.629671169166567,0.6410384425377038,0.6413912548647586,0.668440975645998,0.5845909155132086,0.9054037593263503,0.9954979298170957,0.997861820703256,0.9977376716015588,0.8774099839795356,-0.6512243287576396,1.0,-0.15049971473203216,0.7107301511856979,0.6213332806049068,0.753064793115936,-0.4806491324261953,-0.9109172975411104,-0.7590717100645663,-2.7394087196494923e-16,-0.02484923602124509
B ETA_dAlpha_B,0.029712633365283868,0.03235391044241647,0.05405145357285871,0.03201777070739723,0.01633141868161464,-0.005622649937209608,0.023869362133083306,0.019740374839390853,0.031038426599404985,0.020135549786243195,0.02888526952200503,0.02589436648568821,0.026585050087554397,0.02584327880282854,0.025605785307098408,0.029617368883775464,0.029363935097135876,-0.0037020368673430144,-0.010089916322633716,-0.012286511713590546,-0.013713940739611285,0.010432169352855446,-0.004466568619110325,-0.007524724131030318,-0.08295721372125149,-0.0083149762057548,-0.00955587485408551,0.02236449864532973,-0.07746078193142146,0.024024996452327446,0.04896425848709367,-0.43517326647910987,-0.4622021799718872,-0.4223884646739818,-0.49738194625125165,-0.20031841819025736,-0.16674329927422046,-0.2532308667591842,-0.3602576264125082,-0.393841690985883,-0.39179594826598774,-0.43728287182617426,-0.41766368197720466,-0.41420631740635255,-0.41065307827385533,-0.40915614472330014,-0.4330581673995682,-0.42587575998717714,-0.4031751948052388,-0.08711814786927402,-0.13413717993966612,-0.10373015441567891,-0.5024811359946708,0.5905460235528129,-0.15049971473203216,1.0,-0.45314239717114285,-0.37368316453733474,-0.2940976377044034,-0.11177536288149897,0.30636213860232664,0.3422382452030387,1.1774336566235276e-16,-0.02708716554890997
B ETA_BetaP,-0.08223388281958295,-0.0890016338487463,-0.03977945572790444,-0.08420929200955703,-0.07173018655554579,-0.040284714319505394,-0.07875707070362666,-0.07845988632753735,-0.1006686498318668,-0.08034058691661847,-0.07664295377219914,-0.08065804196512218,-0.07488677021691155,-0.07513262632102502,-0.07488476704541366,-0.08210266134170636,-0.07486585514553233,-0.06544523309925762,-0.04590396119955013,-0.05072389072861186,-0.04825933105715901,-0.0773873840434393,0.0399013039235027,-0.05654509589450054,0.08707891557354426,-0.08295705919548456,-0.03827570426989874,-0.08861787232589388,0.09927243263490002,0.0427310392986899,0.008718245223641322,0.41160983335367907,0.47430559534476696,-0.15277094270246927,0.44776750442356855,0.465143813161479,0.4327385719198806,0.4866055265092716,0.46934048861467575,0.5860499744477595,0.488274828862307,0.3615314328198523,0.42952330330199207,0.3554126872642848,0.36471931328770235,0.3639525218351722,0.4103325305471119,0.32347241879975136,0.8865409543302916,0.6486686195293943,0.716040290237485,0.6963131160065842,0.8933555280348682,-0.824731176961123,0.7107301511856979,-0.45314239717114285,1.0,0.8325054088440006,0.44386155171545183,-0.03596556063008115,-0.7878325399493946,-0.7772540622092231,-2.983010967993122e-16,0.038663051619651716
B FMF,-0.0557100307039645,-0.06329098116875814,-0.006536178565594855,-0.06599729008350337,-0.057734208802728594,-0.017075285505094403,-0.04155435225971502,-0.05175740624495813,-0.07215919472746431,-0.059578725810335964,-0.05179591574859511,-0.05509700886295466,-0.04697069792647856,-0.04750181020384302,-0.04724202848215687,-0.05535204409171585,-0.04649962610782931,-0.07663073917968023,-0.02954770744274719,-0.04037872292861293,-0.03683381847560936,-0.08612722897869088,0.059973236475417205,-0.04128942138971223,0.07915955235998362,-0.1056621561615077,-0.08060854065584684,-0.0676351787168825,0.032882306403017134,0.045149394075638415,0.0330185371730132,0.33679982297033734,0.38373153963031414,-0.19753596383285346,0.3947989569759533,0.28883036845372645,0.3831436035319766,0.3801627262462418,0.38896799638635915,0.47123159066223186,0.43287824908533773,0.3037430159144686,0.35545608956756297,0.2802250774138075,0.28925944939416043,0.28840769175137054,0.33484867323841705,0.2478054912682173,0.8646427337136116,0.5824568215605518,0.6554540983242813,0.6333329373210085,0.8576196168860525,-0.9116184606062638,0.6213332806049068,-0.37368316453733474,0.8325054088440006,1.0,0.4042893805779522,-0.08764507841935851,-0.7274595679315721,-0.7003822177253755,-1.9329590895485453e-16,0.11937784228461315
B fragC,-0.08026235750159613,-0.07673682332224172,-0.07273596550243933,-0.07419419746916549,-0.0657110558768883,-0.05354081496193566,-0.0692966752372022,-0.07692450706451728,-0.07577137143153871,-0.07723170972323197,-0.08124940866225155,-0.0792690314316581,-0.08066061382334176,-0.08047507080660306,-0.08045233341093914,-0.08037472179799948,-0.08197070942838378,-0.022361071308928542,-0.03716271106874553,-0.03633301220679225,-0.036818581426375716,-0.02281031263651868,-0.003933744265692809,-0.037642432329841595,0.004964385484859145,-0.008616291242719884,-0.004112126701332768,-0.0852507722266207,0.06927041432219072,0.034055395255072056,0.010203671443482956,0.9295004045531782,0.9286102007273358,0.41964233837247306,0.9107779441930498,0.8802945245892573,0.9186620245864975,0.919658955831295,0.9614656087742024,0.9505060796923125,0.9657002052009113,0.9099713427260524,0.9400867083048364,0.9105420464405976,0.9158545579326788,0.9158991103754502,0.9298165707615661,0.8896757774714592,0.7107949608355438,0.7464628646230292,0.752029785294944,0.7482320573911705,0.7125530011940467,-0.5179662811418838,0.753064793115936,-0.2940976377044034,0.44386155171545183,0.4042893805779522,1.0,-0.1762630409817599,-0.7906994391727568,-0.735512082340153,-2.2145882290610692e-16,0.009569925811310604
B HOMO,-0.07977002276227674,-0.08277368075634224,-0.09010464966429955,-0.08420487966773255,-0.1176630391098095,-0.008559276256841077,-0.031513816533000914,-0.06542458965522913,-0.0791750042886076,-0.07032836498780137,-0.07922673307598688,-0.07697197632180895,-0.07715271735618145,-0.07678689946351241,-0.07661480408042563,-0.079566999533765,-0.08230160293205652,-0.05579329377700211,-0.012051034283626492,-0.02420189223216233,-0.021633523392621413,-0.06693443341381111,0.01520976882736189,-0.028153941395926474,0.08371105430407987,-0.13514725606873673,-0.037457816718612244,-0.054011681575602384,-0.08016275649212011,0.0615613790275357,0.08634677521723437,-0.06938958644093178,-0.08739000806074843,0.3347324464949602,0.019680368324782614,-0.1931431971276028,-0.37668110712274605,-0.4534837357038907,-0.19204767821242016,-0.23422154502466108,-0.1384293794126618,-0.02378949695906592,-0.09097302645995815,-0.053092682440484935,-0.06130787849052783,-0.06210876359703292,-0.07220875632107139,-0.017023446388259113,-0.23764387712080617,-0.5188211848504467,-0.4642997428133153,-0.47820515828912,-0.2194363104421227,0.024988177507183924,-0.4806491324261953,-0.11177536288149897,-0.03596556063008115,-0.08764507841935851,-0.1762630409817599,1.0,0.16224048380410058,-0.15556432942809428,-2.5867461999656183e-16,0.1828104113030119
B LOMO,0.10744774327550968,0.10947527535988472,0.05621826010119867,0.10900248869318754,0.0791796826375035,0.0716352718493062,0.0944763702660124,0.10512038785472433,0.11747980519258126,0.10892949657416494,0.10441731374719605,0.10713195277055018,0.10220079512966197,0.1025756911768387,0.10241858108620755,0.10730714922468507,0.10156661105997718,0.08593892409043528,0.07034427109117534,0.07675530722792433,0.07478810350311933,0.08963703734783507,-0.05225652234844706,0.07875387542956533,-0.04664451445386649,0.08219627978313791,0.06329197236989198,0.11446452580575646,-0.08222271493228352,-0.08188431940976741,-0.052416094773378004,-0.7873394506767973,-0.8183033647777457,-0.18799268492059362,-0.7836464031085688,-0.7666176476681661,-0.8382176523763275,-0.8298159060789745,-0.8441387869387359,-0.8919248424967645,-0.8479675894980742,-0.7502861405823811,-0.8051740817369958,-0.7541148630783449,-0.7622160471105458,-0.7621499259148156,-0.7872193315087801,-0.7236388119292771,-0.942464473508439,-0.8847460513522959,-0.9174857413541472,-0.908302334947875,-0.9282016901377678,0.7667671611802409,-0.9109172975411104,0.30636213860232664,-0.7878325399493946,-0.7274595679315721,-0.7906994391727568,0.16224048380410058,1.0,0.9494994730512327,2.8384019615984346e-16,-0.07951437627296286
B Bandgap,0.13293013792944786,0.13591498550626277,0.08493108877398634,0.135896778755434,0.11668057255497949,0.07443496992980042,0.10460005977484337,0.12603866604589983,0.1427839193312504,0.13141123242366068,0.12972365237602157,0.13172427658767785,0.1268452215003303,0.1271042024715423,0.1268921981517278,0.13272483315228262,0.12784759711600857,0.10377374100946132,0.07425287774423053,0.08453464297327058,0.08174860334141719,0.11101855741420477,-0.057149851574468086,0.08779206595874448,-0.07331387292522572,0.12526011185489633,0.07527178585118936,0.13176388578282985,-0.05682197850985649,-0.1015488654029981,-0.07992984861271356,-0.7661322146672253,-0.7914060459239628,-0.29463611823424934,-0.7907577419636332,-0.7060364900425778,-0.7193528061006891,-0.686520096982595,-0.7839904001322217,-0.8184179832244708,-0.8048729982521902,-0.7435385397532824,-0.777123132337351,-0.7380535611084252,-0.7435512866368373,-0.74323042680435,-0.7651155208746055,-0.7190136724829496,-0.8679244107668687,-0.7207339590136094,-0.7708461097064481,-0.7572310384491443,-0.8594357651101727,0.7596563490210213,-0.7590717100645663,0.3422382452030387,-0.7772540622092231,-0.7003822177253755,-0.735512082340153,-0.15556432942809428,0.9494994730512327,1.0,3.290149579970555e-16,-0.13773128873119794
Time (s),3.8619277312710795e-16,4.0753268618489753e-16,2.6277276554621244e-16,3.5608377808261226e-16,3.592018344796557e-16,2.924547374193478e-16,3.8364933574399085e-16,3.762959908211456e-16,4.257970492788483e-16,3.853704444746637e-16,3.9457679425503065e-16,4.0631482886517183e-16,3.895440445169681e-16,3.7948946008415073e-16,3.6736363255677516e-16,4.04166482920321e-16,3.8367653404169166e-16,2.810440570859927e-16,3.118189886999244e-16,2.7676693431024154e-16,2.8680807552544134e-16,2.9855787496703005e-16,-1.4107933510674727e-16,2.8983982656384917e-16,-2.0883524431597006e-16,3.810529696101327e-16,1.3868402739025434e-16,3.6249047829018127e-16,-1.9264277239513532e-16,-2.511627303608217e-16,-1.8368503117039503e-16,-1.743305353916536e-16,-1.9162043649534707e-16,6.586299939513423e-17,-1.8899628640375465e-16,-1.574798791566265e-16,-2.0192449572023392e-16,-2.0151245233808267e-16,-1.9335455663855284e-16,-2.1612499635052323e-16,-1.9585060832880678e-16,-1.5780553189764737e-16,-1.616211012704384e-16,-1.566539020124607e-16,-1.4334050183180113e-16,-1.5212041031222762e-16,-1.789183513759024e-16,-1.365657705963796e-16,-2.8013633515314346e-16,-2.980832733492431e-17,-1.1630908873705418e-16,-2.519111868545029e-16,-3.537191318037552e-16,1.6904190238846205e-16,-2.7394087196494923e-16,1.1774336566235276e-16,-2.983010967993122e-16,-1.9329590895485453e-16,-2.2145882290610692e-16,-2.5867461999656183e-16,2.8384019615984346e-16,3.290149579970555e-16,1.0,-0.006014523643620521
Potential (v),-0.27033576250267616,-0.2554940792776276,-0.21736698896052786,-0.20120517682841613,-0.32495365632479417,-0.2401481502264974,-0.279122565340217,-0.2869682381392126,-0.2560247985218084,-0.26576509128193937,-0.2723625462831994,-0.274087467767259,-0.28829447240766753,-0.2888450303436375,-0.289622511205997,-0.2721783562197482,-0.2901769049818177,-0.08793948841626095,-0.22883048799022807,-0.222461016039687,-0.23131911438209746,-0.0638539106057475,-0.12254102510103924,-0.2303369195288943,-0.1467723551096612,-0.0959097750551909,0.07726901030395349,-0.26470509834161365,-0.03305721758642374,0.2059160042087287,0.2111005847402657,0.02312842910507414,0.018964456823352824,0.04261742443653775,0.04168197352345631,0.032917389504299954,-0.032915717751154344,-0.045706793056779126,0.007034383062595648,0.003649871335236695,0.023165794798323744,0.03062028913889706,0.0215363718399598,0.021748546794883306,0.021280188514378157,0.021124286721462437,0.022529832628915957,0.025592853498780842,0.044246761252881225,-0.03321265466954244,-0.013960673047338114,-0.017914405792145042,0.043758773871257754,-0.06651950567166676,-0.02484923602124509,-0.02708716554890997,0.038663051619651716,0.11937784228461315,0.009569925811310604,0.1828104113030119,-0.07951437627296286,-0.13773128873119794,-0.006014523643620521,1.0
